Hybrid,Seed,Dataset,Embedder,Windowing,n_train,n_val,n_test,[Pct-p90-Test]  accuracy,[Pct-p90-Test]  precision,[Pct-p90-Test]  recall,[Pct-p90-Test]  f1,[Pct-p90-Test]  roc_auc,[Pct-p90-Test]  pr_auc,[Pct-p95-Test]  accuracy,[Pct-p95-Test]  precision,[Pct-p95-Test]  recall,[Pct-p95-Test]  f1,[Pct-p95-Test]  roc_auc,[Pct-p95-Test]  pr_auc,[Pct-p99-Test]  accuracy,[Pct-p99-Test]  precision,[Pct-p99-Test]  recall,[Pct-p99-Test]  f1,[Pct-p99-Test]  roc_auc,[Pct-p99-Test]  pr_auc,[EVT-Test]  accuracy,[EVT-Test]  precision,[EVT-Test]  recall,[EVT-Test]  f1,[EVT-Test]  roc_auc,[EVT-Test]  pr_auc,best_latent_dim,best_vae_batch_size,best_beta,best_learning_rate,train_total_sec,embedder_train_total_sec,ari,nmi,silhouette
BGL Bert,42,BGL,BERT,sliding(20),172334,21542,41798,0.9457,0.9031,0.9948,0.9467,0.9984,0.9983,0.9717,0.9497,0.9944,0.9715,0.9984,0.9983,0.9791,0.9894,0.9672,0.9782,0.9984,0.9983,0.9851,0.9793,0.9903,0.9848,0.9984,0.9983,64.0,128.0,0.126379,0.00083716,289.75,4044.176,0.5325,0.4389,0.3173
BGL Bert,43,BGL,BERT,sliding(20),172334,21542,41798,0.9462,0.9038,0.9949,0.9472,0.9976,0.9976,0.9719,0.9501,0.9942,0.9717,0.9976,0.9976,0.9763,0.9876,0.9632,0.9752,0.9976,0.9976,0.979,0.9787,0.978,0.9783,0.9976,0.9976,64.0,64.0,0.100229,0.00042724,562.73,0.0,0.5325,0.4391,0.3565
BGL Bert,44,BGL,BERT,sliding(20),172334,21542,41798,0.9469,0.9051,0.9948,0.9478,0.9979,0.9946,0.9721,0.9504,0.9943,0.9718,0.9979,0.9946,0.978,0.9881,0.9662,0.977,0.9979,0.9946,0.9835,0.9786,0.9876,0.9831,0.9979,0.9946,32.0,256.0,0.101018,0.00132718,177.224,0.0,0.5332,0.4395,0.3269
BGL Bert,45,BGL,BERT,sliding(20),172334,21542,41798,0.9469,0.9049,0.9949,0.9478,0.9978,0.9979,0.972,0.9502,0.9943,0.9717,0.9978,0.9979,0.9778,0.9883,0.9656,0.9768,0.9978,0.9979,0.9811,0.9773,0.9838,0.9805,0.9978,0.9979,128.0,64.0,0.107775,0.0005577,575.896,0.0,0.5322,0.4388,0.3374
BGL Bert,46,BGL,BERT,sliding(20),172334,21542,41798,0.9462,0.9038,0.9949,0.9472,0.9976,0.9976,0.9719,0.9501,0.9942,0.9717,0.9976,0.9976,0.9763,0.9876,0.9632,0.9752,0.9976,0.9976,0.979,0.9787,0.978,0.9783,0.9976,0.9976,64.0,64.0,0.100229,0.00042724,575.599,0.0,0.5325,0.4391,0.3565
BGL Distilbert,42,BGL,DistilBERT,sliding(20),172334,21542,41798,0.9457,0.903,0.9949,0.9467,0.998,0.9973,0.9718,0.95,0.9943,0.9716,0.998,0.9973,0.9791,0.9897,0.967,0.9782,0.998,0.9973,0.9861,0.9805,0.9909,0.9857,0.998,0.9973,64.0,128.0,0.126379,0.00083716,293.424,1768.505,0.5326,0.4392,0.3416
BGL Distilbert,43,BGL,DistilBERT,sliding(20),172334,21542,41798,0.946,0.9034,0.995,0.947,0.998,0.9957,0.9725,0.9516,0.9939,0.9723,0.998,0.9957,0.9779,0.9875,0.9667,0.977,0.998,0.9957,0.9834,0.9783,0.9877,0.983,0.998,0.9957,64.0,64.0,0.10184,0.00107005,529.323,0.0,0.5321,0.4389,0.3335
BGL Distilbert,44,BGL,DistilBERT,sliding(20),172334,21542,41798,0.9464,0.9041,0.9949,0.9474,0.9984,0.9977,0.9727,0.9514,0.9945,0.9725,0.9984,0.9977,0.9786,0.9881,0.9675,0.9777,0.9984,0.9977,0.9851,0.9779,0.9917,0.9847,0.9984,0.9977,128.0,128.0,0.130626,0.00113479,287.421,0.0,0.5334,0.4398,0.3172
BGL Distilbert,45,BGL,DistilBERT,sliding(20),172334,21542,41798,0.9474,0.9058,0.995,0.9483,0.9977,0.995,0.9716,0.9498,0.9938,0.9713,0.9977,0.995,0.9776,0.9884,0.965,0.9766,0.9977,0.995,0.9764,0.9788,0.9724,0.9756,0.9977,0.995,64.0,64.0,0.110988,0.00097375,544.846,0.0,0.5342,0.4404,0.3374
BGL Distilbert,46,BGL,DistilBERT,sliding(20),172334,21542,41798,0.9466,0.9045,0.9949,0.9475,0.9979,0.9967,0.9717,0.9498,0.9943,0.9715,0.9979,0.9967,0.9783,0.9877,0.9671,0.9773,0.9979,0.9967,0.9813,0.977,0.9845,0.9808,0.9979,0.9967,64.0,128.0,0.101552,0.00130855,291.994,0.0,0.5328,0.4392,0.2869
HDFS Bert,42,HDFS,BERT,block-ID,502400,27911,44750,0.9337,0.857,0.9888,0.9182,0.9975,0.9967,0.9625,0.9216,0.984,0.9517,0.9975,0.9967,0.9849,0.9814,0.9784,0.9799,0.9975,0.9967,0.978,0.9622,0.98,0.971,0.9975,0.9967,64.0,128.0,0.140106,0.000284,845.627,14758.569,0.3024,0.2402,0.4925
HDFS Bert,43,HDFS,BERT,block-ID,502400,27911,44750,0.9323,0.8545,0.9883,0.9165,0.9974,0.9965,0.9606,0.9175,0.9839,0.9495,0.9974,0.9965,0.9851,0.9816,0.9786,0.9801,0.9974,0.9965,0.9773,0.9599,0.9805,0.9701,0.9974,0.9965,64.0,128.0,0.102436,0.00103558,845.397,0.0,0.3018,0.2395,0.4369
HDFS Bert,44,HDFS,BERT,block-ID,502400,27911,44750,0.9306,0.851,0.9886,0.9146,0.9977,0.9968,0.9607,0.9175,0.984,0.9496,0.9977,0.9968,0.9847,0.9809,0.9784,0.9796,0.9977,0.9968,0.9775,0.9608,0.9803,0.9705,0.9977,0.9968,32.0,64.0,0.100725,0.00038205,1660.159,0.0,0.3017,0.2396,0.4795
HDFS Bert,45,HDFS,BERT,block-ID,502400,27911,44750,0.9334,0.8569,0.9881,0.9178,0.9974,0.9965,0.9617,0.9197,0.9843,0.9509,0.9974,0.9965,0.9854,0.9829,0.9783,0.9806,0.9974,0.9965,0.978,0.9622,0.98,0.971,0.9974,0.9965,64.0,64.0,0.134193,0.00080807,1625.251,0.0,0.3024,0.2398,0.4433
HDFS Bert,46,HDFS,BERT,block-ID,502400,27911,44750,0.9332,0.856,0.9887,0.9176,0.9975,0.9967,0.9625,0.9214,0.9842,0.9518,0.9975,0.9967,0.9848,0.9809,0.9786,0.9798,0.9975,0.9967,0.9777,0.9611,0.9805,0.9707,0.9975,0.9967,32.0,128.0,0.10524,0.00163084,844.897,0.0,0.302,0.2399,0.5092
HDFS Distilbert,42,HDFS,DistilBERT,block-ID,502400,27911,44750,0.9342,0.8568,0.9907,0.9189,0.998,0.9972,0.9625,0.9213,0.9846,0.9519,0.998,0.9972,0.9851,0.9819,0.9785,0.9802,0.998,0.9972,0.9845,0.9801,0.9787,0.9794,0.998,0.9972,64.0,128.0,0.140106,0.00028428,849.251,7754.018,0.3029,0.2416,0.4782
HDFS Distilbert,43,HDFS,DistilBERT,block-ID,502400,27911,44750,0.9338,0.8572,0.9887,0.9183,0.9976,0.9967,0.9614,0.9188,0.9843,0.9504,0.9976,0.9967,0.9848,0.981,0.9787,0.9798,0.9976,0.9967,0.9843,0.9794,0.9789,0.9792,0.9976,0.9967,16.0,256.0,0.125928,0.00032766,520.642,0.0,0.3022,0.2401,0.4921
HDFS Distilbert,44,HDFS,DistilBERT,block-ID,502400,27911,44750,0.9305,0.8509,0.9887,0.9146,0.9976,0.9967,0.9613,0.9187,0.9841,0.9503,0.9976,0.9967,0.9844,0.9801,0.9785,0.9793,0.9976,0.9967,0.9839,0.9784,0.9787,0.9786,0.9976,0.9967,128.0,128.0,0.101647,0.00154771,846.47,0.0,0.3016,0.2395,0.4569
HDFS Distilbert,45,HDFS,DistilBERT,block-ID,502400,27911,44750,0.933,0.8554,0.9892,0.9175,0.9977,0.9969,0.9619,0.9203,0.984,0.9511,0.9977,0.9969,0.9848,0.9811,0.9786,0.9798,0.9977,0.9969,0.9842,0.9789,0.979,0.9789,0.9977,0.9969,64.0,64.0,0.147143,0.00082592,1637.475,0.0,0.3026,0.2405,0.4869
HDFS Distilbert,46,HDFS,DistilBERT,block-ID,502400,27911,44750,0.9342,0.8577,0.9893,0.9188,0.9978,0.9969,0.9625,0.9211,0.9846,0.9518,0.9978,0.9969,0.9851,0.9815,0.9788,0.9801,0.9978,0.9969,0.9845,0.9798,0.9789,0.9794,0.9978,0.9969,32.0,128.0,0.10444,0.00124792,841.351,0.0,0.3024,0.2405,0.5049
