dataset,trial,best_val_loss,val_recon_loss,latent_dim,vae_batch_size,beta,learning_rate,n_train_hp,total_train_sec,mean_epoch_sec,min_epoch_sec,max_epoch_sec
BGL,trial_021,4.141126,0.00319,64,128,0.104454,0.0007927,172334,86.636,5.773,5.642,5.85
BGL,trial_017,4.304074,0.003131,16,128,0.101854,0.00083743,172334,87.19,5.81,5.734,5.871
BGL,trial_020,4.331119,0.003353,64,128,0.13271,0.00248905,172334,87.253,5.814,5.744,5.946
BGL,trial_018,4.378212,0.002912,64,128,0.126379,0.00083716,172334,87.318,5.818,5.734,5.931
BGL,trial_019,4.50115,0.003006,64,128,0.10664,0.0007449,172334,87.146,5.807,5.745,5.93
BGL,trial_028,4.519116,0.003181,64,128,0.135145,0.0021064,172334,87.568,5.835,5.742,5.913
BGL,trial_025,4.603478,0.003557,64,256,0.15425,0.00338414,172334,48.275,3.216,3.139,3.277
BGL,trial_022,4.86027,0.003023,64,128,0.158847,0.00084788,172334,87.128,5.806,5.741,5.924
BGL,trial_023,5.283424,0.003453,64,128,0.160146,0.00078319,172334,87.343,5.821,5.74,5.954
BGL,trial_029,5.40548,0.003304,32,128,0.216499,0.00092405,172334,87.233,5.813,5.704,5.972
BGL,trial_026,6.208113,0.003301,64,128,0.32846,0.00133169,172334,87.391,5.824,5.751,5.921
BGL,trial_016,6.375584,0.003652,16,128,0.242514,0.00028463,172334,87.023,5.798,5.605,5.931
BGL,trial_005,6.419152,0.003638,16,128,0.300123,0.00121728,172334,88.095,5.871,5.797,5.985
BGL,trial_015,6.570869,0.003559,16,128,0.255243,0.00035397,172334,87.7,5.844,5.771,5.952
BGL,trial_027,6.639491,0.005792,64,32,0.187285,0.00073979,172334,320.594,21.371,21.196,21.518
BGL,trial_009,7.779515,0.005377,64,32,0.244749,0.00014255,172334,323.057,21.534,21.332,21.802
BGL,trial_013,8.66564,0.004338,16,256,0.434305,0.00055897,172334,48.633,3.239,3.166,3.31
BGL,trial_011,8.706917,0.004323,16,64,0.502134,0.00044742,172334,166.515,11.098,11.028,11.174
BGL,trial_003,8.772029,0.009388,32,32,0.1144,0.00658629,172334,322.262,21.482,21.286,21.708
BGL,trial_024,8.876623,0.007159,64,16,0.170214,0.00026623,172334,625.821,41.719,41.397,41.919
BGL,trial_002,9.54578,0.005292,128,256,0.194857,0.00013493,172334,48.477,3.228,3.167,3.278
BGL,trial_014,10.760571,0.004914,64,64,0.789546,0.00108722,172334,166.385,11.09,10.943,11.216
BGL,trial_008,11.093399,0.00496,16,64,0.532573,0.00011242,172334,166.104,11.071,10.935,11.193
BGL,trial_012,11.969752,0.009471,16,16,0.490669,0.00051545,172334,631.618,42.106,41.479,42.671
BGL,trial_001,14.763247,0.005486,16,64,1.095266,0.0001901,172334,166.493,11.096,10.996,11.169
BGL,trial_006,16.655264,0.005943,128,128,1.732054,0.00348771,172334,87.771,5.849,5.769,5.937
BGL,trial_000,19.87757,0.007424,32,128,1.595857,0.00010994,172334,89.825,5.985,5.859,6.692
BGL,trial_004,25.823155,0.007378,32,64,3.313484,0.00156964,172334,167.346,11.154,11.001,11.286
BGL,trial_010,30.769773,0.007861,16,128,4.438278,0.00049397,172334,87.895,5.857,5.704,5.958
BGL,trial_007,38.972325,0.035098,128,16,1.736117,0.00188415,172334,629.312,41.954,41.58,42.826
HDFS,trial_023,4.42746,0.003118,64,128,0.100658,0.00019391,502400,169.106,16.908,16.715,17.126
HDFS,trial_024,4.598456,0.003088,64,128,0.101364,0.00018517,502400,168.615,16.858,16.76,17.126
HDFS,trial_020,4.801726,0.003145,64,128,0.135163,0.00024201,502400,167.922,16.79,16.582,17.107
HDFS,trial_018,4.856092,0.003151,64,128,0.146412,0.00027265,502400,168.311,16.828,16.675,16.908
HDFS,trial_028,4.856515,0.003131,64,128,0.183897,0.00080843,502400,168.8,16.877,16.661,17.15
HDFS,trial_019,5.037714,0.003301,64,128,0.151032,0.00026355,502400,168.874,16.884,16.766,17.05
HDFS,trial_022,5.120193,0.003122,64,128,0.145499,0.0001945,502400,169.797,16.977,16.802,17.089
HDFS,trial_005,5.83549,0.003458,16,128,0.300123,0.00121728,502400,168.147,16.812,16.69,16.921
HDFS,trial_026,6.136851,0.003862,64,128,0.197246,0.00017837,502400,169.645,16.962,16.699,17.1
HDFS,trial_015,6.16018,0.003712,16,256,0.23283,0.00035397,502400,93.613,9.358,9.281,9.443
HDFS,trial_025,6.387015,0.006194,64,16,0.105291,0.00040585,502400,1200.772,120.074,119.251,122.525
HDFS,trial_002,6.600686,0.004173,128,256,0.194857,0.00013493,502400,94.287,9.426,9.351,9.56
HDFS,trial_021,6.617141,0.002958,64,128,0.140106,0.00028428,502400,168.731,16.871,16.681,17.086
HDFS,trial_029,6.906468,0.003313,32,128,0.101073,0.00012682,502400,172.137,17.21,16.747,18.276
HDFS,trial_017,7.064699,0.0032,64,128,0.16434,0.00028975,502400,167.445,16.742,16.631,16.912
HDFS,trial_013,7.077705,0.003692,16,256,0.381878,0.00064497,502400,94.566,9.454,9.318,9.578
HDFS,trial_009,7.263636,0.005107,64,32,0.244749,0.00014255,502400,624.245,62.422,62.024,63.239
HDFS,trial_027,7.615065,0.004945,64,32,0.337946,0.00039059,502400,619.335,61.932,61.287,62.407
HDFS,trial_012,7.71499,0.003848,64,256,0.452451,0.0006523,502400,94.935,9.49,9.392,9.694
HDFS,trial_011,8.014494,0.003655,128,256,0.258504,0.00053518,502400,95.062,9.504,9.41,9.585
HDFS,trial_003,9.201689,0.010336,32,32,0.1144,0.00658629,502400,612.595,61.257,60.881,61.712
HDFS,trial_008,9.46559,0.004663,16,64,0.532573,0.00011242,502400,322.674,32.264,31.787,32.829
HDFS,trial_016,9.54485,0.00436,128,128,0.755735,0.00099206,502400,168.195,16.817,16.701,17.001
HDFS,trial_014,9.749285,0.022283,128,16,0.105181,0.00127073,502400,1210.977,121.095,120.327,122.174
HDFS,trial_001,15.74922,0.005387,16,64,1.095266,0.0001901,502400,318.655,31.863,31.618,32.16
HDFS,trial_006,17.17694,0.007441,128,128,1.732054,0.00348771,502400,166.323,16.63,16.393,16.793
HDFS,trial_000,17.710688,0.006484,32,128,1.595857,0.00010994,502400,168.779,16.876,16.659,17.183
HDFS,trial_004,25.45871,0.011412,32,64,3.313484,0.00156964,502400,314.503,31.448,31.279,31.689
HDFS,trial_010,30.096954,0.008616,16,128,4.438278,0.00049397,502400,172.135,17.211,16.885,17.53
HDFS,trial_007,35.100259,0.033219,128,16,1.736117,0.00188415,502400,1188.899,118.889,118.058,119.778
