trial,latent_dim,vae_batch_size,beta,learning_rate,val_recon_loss,n_train_hp,total_train_sec,mean_epoch_sec,min_epoch_sec,max_epoch_sec,best_val_loss
trial_021,64,128,0.140106,0.00028428,0.002958,502400,168.731,16.871,16.681,17.086,6.617141
trial_024,64,128,0.101364,0.00018517,0.003088,502400,168.615,16.858,16.76,17.126,4.598456
trial_023,64,128,0.100658,0.00019391,0.003118,502400,169.106,16.908,16.715,17.126,4.42746
trial_022,64,128,0.145499,0.0001945,0.003122,502400,169.797,16.977,16.802,17.089,5.120193
trial_028,64,128,0.183897,0.00080843,0.003131,502400,168.8,16.877,16.661,17.15,4.856515
trial_020,64,128,0.135163,0.00024201,0.003145,502400,167.922,16.79,16.582,17.107,4.801726
trial_018,64,128,0.146412,0.00027265,0.003151,502400,168.311,16.828,16.675,16.908,4.856092
trial_017,64,128,0.16434,0.00028975,0.0032,502400,167.445,16.742,16.631,16.912,7.064699
trial_019,64,128,0.151032,0.00026355,0.003301,502400,168.874,16.884,16.766,17.05,5.037714
trial_029,32,128,0.101073,0.00012682,0.003313,502400,172.137,17.21,16.747,18.276,6.906468
trial_005,16,128,0.300123,0.00121728,0.003458,502400,168.147,16.812,16.69,16.921,5.83549
trial_011,128,256,0.258504,0.00053518,0.003655,502400,95.062,9.504,9.41,9.585,8.014494
trial_013,16,256,0.381878,0.00064497,0.003692,502400,94.566,9.454,9.318,9.578,7.077705
trial_015,16,256,0.23283,0.00035397,0.003712,502400,93.613,9.358,9.281,9.443,6.16018
trial_012,64,256,0.452451,0.0006523,0.003848,502400,94.935,9.49,9.392,9.694,7.71499
trial_026,64,128,0.197246,0.00017837,0.003862,502400,169.645,16.962,16.699,17.1,6.136851
trial_002,128,256,0.194857,0.00013493,0.004173,502400,94.287,9.426,9.351,9.56,6.600686
trial_016,128,128,0.755735,0.00099206,0.00436,502400,168.195,16.817,16.701,17.001,9.54485
trial_008,16,64,0.532573,0.00011242,0.004663,502400,322.674,32.264,31.787,32.829,9.46559
trial_027,64,32,0.337946,0.00039059,0.004945,502400,619.335,61.932,61.287,62.407,7.615065
trial_009,64,32,0.244749,0.00014255,0.005107,502400,624.245,62.422,62.024,63.239,7.263636
trial_001,16,64,1.095266,0.0001901,0.005387,502400,318.655,31.863,31.618,32.16,15.74922
trial_025,64,16,0.105291,0.00040585,0.006194,502400,1200.772,120.074,119.251,122.525,6.387015
trial_000,32,128,1.595857,0.00010994,0.006484,502400,168.779,16.876,16.659,17.183,17.710688
trial_006,128,128,1.732054,0.00348771,0.007441,502400,166.323,16.63,16.393,16.793,17.17694
trial_010,16,128,4.438278,0.00049397,0.008616,502400,172.135,17.211,16.885,17.53,30.096954
trial_003,32,32,0.1144,0.00658629,0.010336,502400,612.595,61.257,60.881,61.712,9.201689
trial_004,32,64,3.313484,0.00156964,0.011412,502400,314.503,31.448,31.279,31.689,25.45871
trial_014,128,16,0.105181,0.00127073,0.022283,502400,1210.977,121.095,120.327,122.174,9.749285
trial_007,128,16,1.736117,0.00188415,0.033219,502400,1188.899,118.889,118.058,119.778,35.100259
